<?xml version="1.0" encoding="UTF-8"?>
<!DOCTYPE mapper PUBLIC "-//mybatis.org//DTD Mapper 3.0//EN" "http://mybatis.org/dtd/mybatis-3-mapper.dtd">
<mapper namespace="com.aurora.mapper.UserAuthMapper">
    <resultMap id="UserAdminMap" type="com.aurora.model.dto.UserAdminDTO">
        <id property="id" column="id"/>
        <result property="userInfoId" column="user_info_id"/>
        <result property="avatar" column="avatar"/>
        <result property="nickname" column="nickname"/>
        <result property="loginType" column="login_type"/>
        <result property="ipAddress" column="ip_address"/>
        <result property="ipSource" column="ip_source"/>
        <result property="createTime" column="create_time"/>
        <result property="lastLoginTime" column="last_login_time"/>
        <result property="isDisable" column="is_disable"/>
        <collection property="roles" ofType="com.aurora.model.dto.UserRoleDTO">
            <id property="id" column="role_id"/>
            <result property="roleName" column="role_name"/>
        </collection>
    </resultMap>
    <select id="listUsers" resultMap="UserAdminMap">
        SELECT
        ua.id,
        user_info_id,
        avatar,
        nickname,
        login_type,
        r.id as role_id,
        role_name,
        ip_address,
        ip_source,
        ua.create_time,
        last_login_time,
        ui.is_disable
        FROM
        (
        SELECT
        id,
        avatar,
        nickname,
        is_disable
        FROM
        t_user_info
        <where>
            <if test="conditionVO.loginType != null">
                id in
                (
                SELECT
                user_info_id
                FROM
                t_user_auth
                WHERE
                login_type = #{conditionVO.loginType}
                )
            </if>
            <if test="conditionVO.keywords != null">
                and nickname like concat('%',#{conditionVO.keywords},'%')
            </if>
        </where>
        LIMIT #{current},#{size}
        ) ui
        LEFT JOIN t_user_auth ua ON ua.user_info_id = ui.id
        LEFT JOIN t_user_role ur ON ui.id = ur.user_id
        LEFT JOIN t_role r ON ur.role_id = r.id
    </select>
    <select id="countUser" resultType="java.lang.Integer">
        SELECT
        count( 1 )
        FROM
        t_user_auth ua
        LEFT JOIN t_user_info ui ON ua.user_info_id = ui.id
        <where>
            <if test="conditionVO.keywords != null">
                nickname like concat('%',#{conditionVO.keywords},'%')
            </if>
            <if test="conditionVO.loginType != null">
                and login_type = #{conditionVO.loginType}
            </if>
        </where>
    </select>
</mapper>
